Date,Time,Open,High,Low,Close,Volume
2014.06.09,00:00,102.524,102.569,102.214,102.346,35682
2014.06.10,00:00,102.346,102.39,101.86,102.072,35325
2014.06.11,00:00,102.07,102.137,101.6,101.686,37546
2014.06.12,00:00,101.682,102.131,101.653,102.031,35678
2014.06.13,00:00,102.016,102.039,101.72,101.826,31612
2014.06.16,00:00,101.827,102.24,101.813,102.142,33011
2014.06.17,00:00,102.142,102.345,101.878,101.916,34873
2014.06.18,00:00,101.923,101.998,101.738,101.937,33135
2014.06.19,00:00,101.936,102.193,101.813,102.07,29243
2014.06.20,00:00,102.068,102.068,102.068,102.068,1
2014.06.21,00:00,102.065,102.134,101.815,101.927,26489
2014.06.23,00:00,101.927,102.165,101.817,101.964,27850
2014.06.24,00:00,101.968,101.975,101.624,101.859,25342
2014.06.25,00:00,101.859,101.865,101.486,101.726,27113
2014.06.26,00:00,101.725,101.725,101.312,101.373,28776
2014.06.27,00:00,101.373,101.373,101.373,101.373,1
2014.06.30,00:00,101.429,101.47,101.233,101.319,25865
2014.07.01,00:00,101.325,101.589,101.285,101.517,33039
2014.07.02,00:00,101.518,101.841,101.405,101.771,32941
2014.07.03,00:00,101.766,102.266,101.758,102.191,36240
2014.07.04,00:00,102.188,102.219,101.972,102.061,24089
2014.07.07,00:00,102.067,102.197,101.785,101.862,32189
2014.07.08,00:00,101.855,101.894,101.486,101.571,37416
2014.07.09,00:00,101.568,101.851,101.445,101.638,35272
2014.07.10,00:00,101.636,101.662,101.065,101.339,42599
2014.07.11,00:00,101.341,101.387,101.216,101.339,47808
2014.07.14,00:00,101.335,101.62,101.328,101.53,44479
2014.07.15,00:00,101.531,101.748,101.438,101.678,48439
2014.07.16,00:00,101.66,101.788,101.634,101.669,23063
2014.07.17,00:00,101.662,101.692,101.135,101.162,30646
2014.07.18,00:00,101.175,101.445,101.084,101.343,30118
2014.07.21,00:00,101.332,101.392,101.191,101.318,19079
2014.07.22,00:00,101.385,101.601,101.33,101.453,34518
2014.07.23,00:00,101.45,101.542,101.312,101.461,34499
2014.07.24,00:00,101.469,101.855,101.412,101.804,40756
2014.07.25,00:00,101.803,101.934,101.708,101.708,44639
2014.07.28,00:00,101.789,101.903,101.744,101.851,41884
2014.07.29,00:00,101.842,102.154,101.819,102.113,53092
2014.07.30,00:00,102.104,103.079,102.032,102.667,52275
2014.07.31,00:00,102.784,103.002,102.671,102.672,33552
2014.08.01,00:00,102.777,103.023,102.334,102.552,38111
2014.08.04,00:00,102.573,102.724,102.401,102.559,28884
2014.08.05,00:00,102.557,102.92,102.456,102.587,36972
2014.08.06,00:00,102.587,102.636,101.777,102.098,47135
2014.08.07,00:00,102.091,102.454,101.993,102.083,45546
2014.08.08,00:00,102.085,102.138,101.505,102.02,58965
2014.08.11,00:00,102.106,102.221,102.018,102.185,29043
2014.08.12,00:00,102.178,102.359,102.086,102.253,28792
2014.08.13,00:00,102.251,102.539,102.218,102.407,31533
2014.08.14,00:00,102.411,102.65,102.304,102.441,29743
2014.08.15,00:00,102.44,102.712,102.133,102.35,39218
2014.08.18,00:00,102.366,102.59,102.241,102.558,23566
2014.08.19,00:00,102.552,102.923,102.515,102.905,26127
2014.08.20,00:00,102.902,103.842,102.885,103.751,42063
2014.08.21,00:00,103.741,103.953,103.595,103.839,35103
2014.08.22,00:00,103.838,104.189,103.496,103.938,38673
2014.08.25,00:00,104.191,104.268,103.857,104.047,26178
2014.08.26,00:00,104.046,104.167,103.744,104.053,30832
2014.08.27,00:00,104.051,104.157,103.774,103.866,30098
2014.08.28,00:00,103.867,103.916,103.551,103.721,36678
2014.08.29,00:00,103.718,104.111,103.655,104.084,36068
2014.09.01,00:00,104.144,104.345,104.096,104.343,16395
2014.09.02,00:00,104.343,105.209,104.294,105.085,38647
2014.09.03,00:00,105.079,105.304,104.742,104.783,35163
2014.09.04,00:00,104.787,105.366,104.76,105.261,38819
2014.09.05,00:00,105.266,105.706,104.684,105.091,47442
2014.09.08,00:00,105.137,106.086,104.992,106.027,50367
2014.09.09,00:00,106.02,106.473,105.945,106.195,62475
2014.09.10,00:00,106.188,106.88,106.042,106.83,55970
2014.09.11,00:00,106.842,107.194,106.636,107.1,54550
2014.09.12,00:00,107.101,107.393,106.969,107.315,57365
2014.09.15,00:00,107.287,107.365,107.01,107.18,43641
2014.09.16,00:00,107.182,107.332,106.81,107.122,53708
2014.09.17,00:00,107.12,108.39,107.095,108.37,45823
2014.09.18,00:00,108.361,108.96,108.319,108.682,45153
2014.09.19,00:00,108.681,109.46,108.593,109.022,51180
2014.09.22,00:00,109.024,109.194,108.66,108.837,124522
2014.09.23,00:00,108.835,108.993,108.253,108.882,43025
2014.09.24,00:00,108.871,109.152,108.46,109.038,44828
2014.09.25,00:00,109.038,109.375,108.522,108.748,57726
2014.09.26,00:00,108.746,109.536,108.478,109.284,53410
2014.09.29,00:00,109.343,109.746,109.131,109.493,52589
2014.09.30,00:00,109.492,109.849,109.185,109.649,54106
2014.10.01,00:00,109.619,110.088,108.868,108.889,65699
2014.10.02,00:00,108.898,109.116,108.008,108.412,81373
2014.10.03,00:00,108.424,109.904,108.354,109.758,55850
2014.10.06,00:00,109.752,109.85,108.651,108.776,46969
2014.10.07,00:00,108.773,109.235,107.818,108.019,73798
2014.10.08,00:00,108.018,108.744,107.751,108.076,75744
2014.10.09,00:00,108.081,108.317,107.529,107.831,84470
2014.10.10,00:00,107.83,108.155,107.623,107.647,75715
2014.10.13,00:00,107.531,107.575,106.778,106.838,66735
2014.10.14,00:00,106.844,107.311,106.672,107.043,75142
2014.10.15,00:00,107.042,107.497,105.197,105.904,103002
2014.10.16,00:00,105.912,106.463,105.506,106.319,106533
2014.10.17,00:00,106.325,106.937,106.132,106.874,70111
2014.10.20,00:00,107.044,107.386,106.775,106.937,66113
2014.10.21,00:00,106.937,107.014,106.245,106.982,71102
2014.10.22,00:00,106.993,107.372,106.783,107.131,61160
2014.10.23,00:00,107.129,108.347,107.1,108.258,63959
2014.10.24,00:00,108.25,108.306,107.779,108.147,63023
2014.10.27,00:00,108.175,108.213,107.601,107.803,58226
2014.10.28,00:00,107.8,108.181,107.687,108.138,47255
2014.10.29,00:00,108.139,108.956,107.936,108.879,55050
2014.10.30,00:00,108.881,109.46,108.743,109.205,81699
2014.10.31,00:00,109.204,112.469,109.168,112.315,119039
2014.11.03,00:00,112.939,114.21,112.567,113.773,87918
2014.11.04,00:00,113.773,114.059,113.16,113.667,101242
2014.11.05,00:00,113.667,114.84,113.407,114.752,105391
2014.11.06,00:00,114.75,115.512,114.055,115.163,122323
2014.11.07,00:00,115.162,115.602,114.247,114.607,114251
2014.11.08,00:00,114.601,114.63,114.523,114.589,1350
2014.11.10,00:00,114.459,114.903,113.851,114.836,86320
2014.11.11,00:00,114.832,116.1,114.63,115.466,97653
2014.11.12,00:00,115.468,116.006,114.88,115.592,115699
2014.11.13,00:00,115.593,115.878,115.304,115.776,102584
2014.11.14,00:00,115.776,116.791,115.72,116.285,85188
2014.11.15,00:00,116.285,116.319,116.223,116.252,1220
2014.11.17,00:00,116.604,117.047,115.45,116.44,90183
2014.11.18,00:00,116.462,117.012,116.333,116.918,69692
2014.11.19,00:00,116.91,118.073,116.793,117.983,71081
2014.11.20,00:00,117.987,118.974,117.739,118.001,64082
2014.11.21,00:00,118.003,118.363,117.351,117.715,80441
2014.11.22,00:00,117.716,117.838,117.69,117.775,1273
2014.11.24,00:00,117.868,118.478,117.58,118.298,42033
2014.11.25,00:00,118.296,118.568,117.686,117.913,61120
2014.11.26,00:00,117.915,117.992,117.434,117.707,66333
2014.11.27,00:00,117.709,117.876,117.232,117.796,33236
2014.11.28,00:00,117.796,118.762,117.683,118.747,65521
2014.11.29,00:00,118.747,118.766,118.538,118.584,1937
2014.12.01,00:00,118.741,119.135,117.86,118.27,61069
2014.12.02,00:00,118.27,119.279,118.216,119.236,63158
2014.12.03,00:00,119.237,119.858,119.124,119.818,55225
2014.12.04,00:00,119.814,120.246,119.335,119.778,52163
2014.12.05,00:00,119.775,121.681,119.668,121.398,65233
2014.12.06,00:00,121.4,121.552,121.348,121.462,2149
2014.12.08,00:00,121.566,121.843,120.202,120.485,61822
2014.12.09,00:00,120.486,121.001,117.944,119.473,74356
2014.12.10,00:00,119.473,119.914,117.978,118.116,79128
2014.12.11,00:00,118.11,119.554,117.435,119.063,73765
2014.12.12,00:00,119.06,119.35,118.05,118.756,73602
2014.12.13,00:00,118.759,118.83,118.57,118.743,6645
2014.12.15,00:00,118.586,119.057,117.562,117.692,75316
2014.12.16,00:00,117.689,118.004,115.564,117.216,84303
2014.12.17,00:00,117.211,118.637,116.24,118.627,81168
2014.12.18,00:00,118.638,119.31,118.257,118.832,70289
2014.12.19,00:00,118.832,119.623,118.703,119.517,61926
2014.12.20,00:00,119.517,119.592,119.333,119.504,3193
2014.12.22,00:00,119.525,120.013,119.312,119.969,188518
2014.12.23,00:00,119.969,120.795,119.953,120.726,172618
2014.12.24,00:00,120.726,120.822,120.277,120.459,156704
2014.12.26,00:00,120.218,120.462,120.211,120.373,76959
2014.12.27,00:00,120.373,120.408,120.21,120.332,10098
2014.12.29,00:00,120.341,120.73,120.225,120.714,80287
2014.12.30,00:00,120.717,120.73,118.862,119.551,50912
2014.12.31,00:00,119.56,119.936,119.246,119.792,33754
2015.01.02,00:00,120.401,120.741,119.808,120.339,27014
2015.01.03,00:00,120.339,120.527,120.304,120.419,2565
2015.01.05,00:00,120.363,120.643,119.373,119.533,66241
2015.01.06,00:00,119.533,119.674,118.053,118.624,72756
2015.01.07,00:00,118.622,119.647,118.29,118.937,78878
2015.01.08,00:00,118.937,119.956,118.937,119.67,81931
2015.01.09,00:00,119.682,119.875,118.415,118.567,114640
2015.01.10,00:00,118.567,118.661,118.376,118.376,17025
2015.01.12,00:00,118.317,119.317,118.101,118.338,225565
2015.01.13,00:00,118.335,118.847,117.536,117.711,277951
2015.01.14,00:00,117.711,117.957,116.068,117.264,303972
2015.01.15,00:00,117.263,117.94,116.236,116.519,326586
2015.01.16,00:00,116.52,117.756,115.85,117.529,242681
2015.01.17,00:00,117.459,117.678,117.384,117.614,7015
2015.01.19,00:00,117.476,117.776,116.916,117.752,56117
2015.01.20,00:00,117.75,118.858,117.492,118.82,56188
2015.01.21,00:00,118.822,118.847,117.173,117.951,61460
2015.01.22,00:00,117.949,118.401,117.245,118.356,56462
2015.01.23,00:00,118.358,118.807,117.539,117.745,59397
2015.01.24,00:00,117.748,117.86,117.723,117.733,2046
2015.01.26,00:00,117.506,118.482,117.257,118.467,45579
2015.01.27,00:00,118.468,118.651,117.334,117.754,57885
2015.01.28,00:00,117.753,118.259,117.449,117.695,66495
2015.01.29,00:00,117.692,118.484,117.25,118.369,61233
2015.01.30,00:00,118.367,118.453,117.296,117.517,50846
2015.01.31,00:00,117.526,117.592,117.33,117.47,3583
2015.02.02,00:00,116.93,117.873,116.93,117.222,65532
2015.02.03,00:00,117.221,117.741,116.872,117.595,73681
2015.02.04,00:00,117.595,117.996,117.236,117.351,66241
2015.02.05,00:00,117.352,117.593,117.019,117.569,77380
2015.02.06,00:00,117.57,119.218,117.152,119.136,69530
2015.02.07,00:00,119.135,119.17,118.805,119.098,5736
2015.02.09,00:00,119.021,119.091,118.329,118.405,64189
2015.02.10,00:00,118.405,119.612,118.358,119.428,70846
2015.02.11,00:00,119.427,120.439,119.283,120.275,66705
2015.02.12,00:00,120.285,120.471,118.509,118.899,80873
2015.02.13,00:00,118.857,119.195,118.41,118.783,65058
2015.02.14,00:00,118.783,118.819,118.652,118.652,4306
2015.02.16,00:00,118.443,118.772,118.277,118.468,47725
2015.02.17,00:00,118.468,119.413,118.233,119.285,68263
2015.02.18,00:00,119.286,119.408,118.563,118.753,67230
2015.02.19,00:00,118.752,119.175,118.432,118.989,65726
2015.02.20,00:00,118.99,119.088,118.301,119.06,66501
2015.02.21,00:00,119.059,119.186,118.946,118.993,4924
2015.02.23,00:00,119.097,119.351,118.812,118.881,52044
2015.02.24,00:00,118.881,119.817,118.736,118.898,60684
2015.02.25,00:00,118.898,119.063,118.624,118.844,58467
2015.02.26,00:00,118.844,119.489,118.678,119.416,59076
2015.02.27,00:00,119.418,119.795,119.115,119.713,61919
2015.02.28,00:00,119.713,119.713,119.527,119.622,4212
2015.03.02,00:00,119.698,120.163,119.629,120.163,51208
2015.03.03,00:00,120.162,120.262,119.381,119.69,59950
2015.03.04,00:00,119.691,119.823,119.469,119.728,58728
2015.03.05,00:00,119.727,120.393,119.627,120.162,58593
2015.03.06,00:00,120.16,121.275,119.902,120.69,63329
2015.03.07,00:00,120.687,120.84,120.654,120.835,4169
2015.03.09,00:00,120.803,121.41,120.609,121.129,56043
2015.03.10,00:00,121.127,122.021,120.921,121.145,79343
2015.03.11,00:00,121.145,121.622,120.852,121.397,77583
2015.03.12,00:00,121.4,121.666,120.655,121.354,71986
2015.03.13,00:00,121.354,121.568,121.131,121.416,72714
2015.03.14,00:00,121.411,121.45,121.319,121.367,1732
2015.03.16,00:00,121.375,121.458,121.088,121.391,64509
2015.03.17,00:00,121.391,121.515,121.111,121.347,54371
2015.03.18,00:00,121.354,121.406,120.052,120.064,57931
2015.03.19,00:00,120.064,121.027,119.293,120.954,92802
2015.03.20,00:00,120.954,121.197,119.895,120.02,67505
2015.03.21,00:00,120.02,120.257,119.922,120.014,2204
2015.03.23,00:00,119.838,120.159,119.581,119.729,63536
2015.03.24,00:00,119.728,119.978,119.217,119.688,60665
2015.03.25,00:00,119.687,119.821,119.231,119.43,52837
2015.03.26,00:00,119.429,119.568,118.324,119.207,81953
2015.03.27,00:00,119.199,119.485,118.929,119.131,72964
2015.03.28,00:00,119.132,119.262,119.024,119.128,2511
2015.03.30,00:00,119.128,120.222,119.109,120.167,61038
2015.03.31,00:00,120.169,120.36,119.773,119.929,60653
2015.04.01,00:00,119.931,120.324,119.41,119.692,66430
2015.04.02,00:00,119.705,119.89,119.448,119.738,52994
2015.04.03,00:00,119.738,119.942,118.716,118.955,34949
2015.04.04,00:00,118.955,119.013,118.939,118.939,881
2015.04.06,00:00,118.939,119.676,118.797,119.473,33973
2015.04.07,00:00,119.467,120.444,119.435,120.312,53290
2015.04.08,00:00,120.307,120.378,119.639,120.071,65177
2015.04.09,00:00,120.07,120.736,119.856,120.651,57613
2015.04.10,00:00,120.652,120.663,120.052,120.178,56186
2015.04.11,00:00,120.178,120.323,120.167,120.184,1372
2015.04.13,00:00,120.184,120.841,119.692,120.046,54670
2015.04.14,00:00,120.045,120.171,119.068,119.431,65861
2015.04.15,00:00,119.431,119.741,118.786,119.131,62231
2015.04.16,00:00,119.128,119.464,118.791,119.038,74779
2015.04.17,00:00,119.037,119.255,118.566,118.801,68220
2015.04.18,00:00,118.798,118.946,118.784,118.931,1487
2015.04.20,00:00,118.931,119.432,118.526,119.237,53606
2015.04.21,00:00,119.244,119.827,119.161,119.656,70342
2015.04.22,00:00,119.654,119.957,119.339,119.908,77753
2015.04.23,00:00,119.909,120.089,119.421,119.496,84061
2015.04.24,00:00,119.498,119.654,118.822,118.86,83936
2015.04.25,00:00,118.859,119.003,118.856,118.992,1625
2015.04.27,00:00,118.877,119.429,118.771,119.09,61382
2015.04.28,00:00,119.091,119.193,118.77,118.866,68751
2015.04.29,00:00,118.866,119.357,118.604,119.023,79367
2015.04.30,00:00,119.028,119.89,118.492,119.381,102932
2015.05.01,00:00,119.383,120.287,119.37,120.167,66172
2015.05.02,00:00,120.167,120.189,120.078,120.114,1397
2015.05.04,00:00,120.232,120.27,119.992,120.073,37641
2015.05.05,00:00,120.078,120.501,119.723,119.841,25395
2015.05.06,00:00,119.839,120.046,119.212,119.46,31146
2015.05.07,00:00,119.455,119.856,119.057,119.763,18579
2015.05.08,00:00,119.77,120.229,119.587,119.713,21237
2015.05.09,00:00,119.71,119.767,119.706,119.729,324
2015.05.11,00:00,119.674,120.148,119.674,120.106,30784
2015.05.12,00:00,120.107,120.271,119.785,119.837,73021
2015.05.13,00:00,119.837,120.015,119.033,119.143,64125
2015.05.14,00:00,119.14,119.334,118.886,119.155,77691
2015.05.15,00:00,119.154,119.92,119.137,119.325,61627
2015.05.16,00:00,119.327,119.443,119.321,119.379,453
2015.05.18,00:00,119.269,120.028,119.252,119.987,35292
2015.05.19,00:00,119.986,120.73,119.825,120.725,78305
2015.05.20,00:00,120.726,121.466,120.575,121.216,89276
2015.05.21,00:00,121.217,121.372,120.84,120.979,82805
2015.05.22,00:00,120.98,121.565,120.634,121.536,77576
2015.05.23,00:00,121.535,121.55,121.492,121.543,1060
2015.05.25,00:00,121.485,121.769,121.439,121.511,44363
2015.05.26,00:00,121.513,123.315,121.495,123.089,91778
2015.05.27,00:00,123.091,124.062,122.77,123.758,93080
2015.05.28,00:00,123.753,124.448,123.487,124.013,101300
2015.05.29,00:00,124.012,124.176,123.6,124.107,90435
2015.05.30,00:00,124.107,124.124,124.08,124.112,1458
2015.06.01,00:00,124.096,124.909,123.852,124.818,88293
2015.06.02,00:00,124.819,125.046,123.747,124.13,159308
2015.06.03,00:00,124.145,124.678,123.784,124.224,83289
2015.06.04,00:00,124.234,124.679,123.777,124.341,51755
2015.06.05,00:00,124.342,125.853,124.323,125.637,125608
2015.06.06,00:00,125.636,125.648,125.532,125.57,1713
2015.06.08,00:00,125.586,125.675,124.291,124.407,114737
2015.06.09,00:00,124.408,124.734,123.858,124.349,127633
2015.06.10,00:00,124.351,124.617,122.456,122.61,163283
2015.06.11,00:00,122.609,124.116,122.603,123.402,128949
2015.06.12,00:00,123.403,123.813,123.127,123.387,143237
2015.06.13,00:00,123.384,123.419,123.322,123.417,4455
2015.06.15,00:00,123.163,123.657,123.141,123.383,81448
2015.06.16,00:00,123.381,123.798,123.287,123.379,84552
2015.06.17,00:00,123.381,124.435,123.207,123.397,108228
2015.06.18,00:00,123.397,123.608,122.471,122.901,126610
2015.06.19,00:00,122.901,123.213,122.555,122.732,96095
2015.06.20,00:00,122.731,122.744,122.647,122.674,1806
2015.06.22,00:00,122.927,123.415,122.556,123.361,94196
2015.06.23,00:00,123.36,124.18,123.322,123.907,96922
2015.06.24,00:00,123.905,124.372,123.712,123.859,103978
2015.06.25,00:00,123.858,123.952,123.315,123.6,97401
2015.06.26,00:00,123.6,123.984,123.22,123.789,93177
2015.06.27,00:00,123.791,123.89,123.776,123.837,1546
2015.06.29,00:00,122.741,123.187,122.099,122.479,155023
2015.06.30,00:00,122.478,122.72,121.935,122.386,130218
2015.07.01,00:00,122.387,123.232,122.327,123.143,105787
2015.07.02,00:00,123.146,123.719,122.952,123.046,107481
2015.07.03,00:00,123.044,123.179,122.597,122.724,80811
2015.07.04,00:00,122.724,122.947,122.663,122.87,1615
2015.07.06,00:00,121.985,122.926,121.841,122.498,143164
2015.07.07,00:00,122.498,122.88,122.002,122.602,143217
2015.07.08,00:00,122.6,122.648,120.408,120.642,190203
2015.07.09,00:00,120.642,121.573,120.456,121.295,149775
2015.07.10,00:00,121.295,122.876,121.193,122.83,142976
2015.07.11,00:00,122.827,122.828,122.689,122.751,2674
2015.07.13,00:00,122.305,123.53,122.305,123.427,123522
2015.07.14,00:00,123.43,123.728,122.912,123.366,109159
2015.07.15,00:00,123.364,123.966,123.256,123.778,112989
2015.07.16,00:00,123.778,124.173,123.718,124.098,112131
2015.07.17,00:00,124.096,124.227,123.911,124.059,87403
2015.07.18,00:00,124.058,124.077,124.043,124.047,963
2015.07.20,00:00,124.029,124.37,124.023,124.286,47136
2015.07.21,00:00,124.283,124.471,123.757,123.923,109809
2015.07.22,00:00,123.921,124.145,123.566,124.004,104885
2015.07.23,00:00,124.005,124.184,123.671,123.806,130994
2015.07.24,00:00,123.806,124.092,123.593,123.791,118275
2015.07.25,00:00,123.791,123.824,123.779,123.821,1329
2015.07.27,00:00,123.753,123.833,123.006,123.262,129325
2015.07.28,00:00,123.258,123.79,123.072,123.555,131375
2015.07.29,00:00,123.555,124.022,123.328,123.96,131115
2015.07.30,00:00,123.961,124.577,123.865,124.105,131219
2015.07.31,00:00,124.106,124.371,123.516,123.927,144770
2015.08.01,00:00,123.924,123.962,123.85,123.85,2639
2015.08.03,00:00,123.866,124.267,123.852,123.964,119028
2015.08.04,00:00,123.968,124.398,123.797,124.291,134719
2015.08.05,00:00,124.286,125.009,124.014,124.862,134193
2015.08.06,00:00,124.863,124.959,124.538,124.704,119924
2015.08.07,00:00,124.705,125.064,124.1,124.217,103161
2015.08.08,00:00,124.217,124.244,124.188,124.203,1546
2015.08.10,00:00,124.145,124.779,124.145,124.582,69579
2015.08.11,00:00,124.583,125.203,124.516,125.077,108769
2015.08.12,00:00,125.076,125.276,123.788,124.136,125635
2015.08.13,00:00,124.136,124.624,124.064,124.394,93248
2015.08.14,00:00,124.398,124.53,124.052,124.28,91560
2015.08.15,00:00,124.28,124.318,124.273,124.313,1515
2015.08.17,00:00,124.213,124.571,124.17,124.389,94553
2015.08.18,00:00,124.389,124.511,124.177,124.368,109541
2015.08.19,00:00,124.368,124.466,123.685,123.785,134103
2015.08.20,00:00,123.786,124.153,123.352,123.433,142116
2015.08.21,00:00,123.434,123.493,121.811,122.093,185615
2015.08.22,00:00,122.093,122.201,122.016,122.049,3501
2015.08.24,00:00,121.863,122.021,116.131,118.51,265473
2015.08.25,00:00,118.508,120.393,118.246,118.832,269861
2015.08.26,00:00,118.832,119.915,118.446,119.901,252503
2015.08.27,00:00,119.905,121.394,119.788,121.01,209662
2015.08.28,00:00,121.01,121.548,120.648,121.438,171107
2015.08.29,00:00,121.439,121.741,121.344,121.712,3238
2015.08.31,00:00,121.635,121.635,120.878,121.218,124346
2015.09.01,00:00,121.217,121.263,119.533,119.72,202483
2015.09.02,00:00,119.718,120.462,119.215,120.282,185067
2015.09.03,00:00,120.282,120.694,119.637,119.959,162278
2015.09.04,00:00,119.957,120.183,118.591,119.027,182125
2015.09.05,00:00,119.027,119.067,118.964,119.017,2677
2015.09.07,00:00,118.892,119.585,118.795,119.322,122899
2015.09.08,00:00,119.321,120.223,118.849,119.919,164003
2015.09.09,00:00,119.92,121.193,119.769,120.477,201711
2015.09.10,00:00,120.476,121.326,119.973,120.603,209989
2015.09.11,00:00,120.607,120.964,120.358,120.562,158004
2015.09.12,00:00,120.562,120.618,120.526,120.568,3167
2015.09.14,00:00,120.49,120.839,119.849,120.151,147973
2015.09.15,00:00,120.153,120.649,119.396,120.4,161217
2015.09.16,00:00,120.4,120.724,120.104,120.578,157078
2015.09.17,00:00,120.58,120.989,119.789,119.877,154118
2015.09.18,00:00,119.876,120.408,119.051,119.96,187857
2015.09.19,00:00,119.96,120.019,119.915,119.962,5835
2015.09.21,00:00,120.114,120.655,119.722,120.516,145825
2015.09.22,00:00,120.515,120.605,119.691,120.074,158546
2015.09.23,00:00,120.071,120.54,119.622,120.268,167525
2015.09.24,00:00,120.268,120.387,119.222,120,201428
2015.09.25,00:00,120,121.23,119.987,120.563,201643
2015.09.26,00:00,120.563,120.589,120.446,120.577,4990
2015.09.28,00:00,120.496,120.588,119.693,119.969,175476
2015.09.29,00:00,119.97,120.157,119.246,119.734,196961
2015.09.30,00:00,119.732,120.346,119.545,119.95,172728
2015.10.01,00:00,119.949,120.272,119.489,119.908,175037
2015.10.02,00:00,119.908,120.401,118.676,120.095,182947
2015.10.03,00:00,120.102,120.102,119.879,119.903,4602
2015.10.05,00:00,119.985,120.547,119.865,120.435,160126
2015.10.06,00:00,120.436,120.564,120.104,120.186,145061
2015.10.07,00:00,120.186,120.358,119.744,119.969,156747
2015.10.08,00:00,119.969,120.105,119.621,119.898,143246
2015.10.09,00:00,119.895,120.344,119.833,120.228,128896
2015.10.10,00:00,120.227,120.28,120.18,120.211,1588
2015.10.12,00:00,120.163,120.26,119.89,120,70332
2015.10.13,00:00,119.999,120.076,119.549,119.738,104469
2015.10.14,00:00,119.739,119.796,118.628,118.708,135528
2015.10.15,00:00,118.709,119.165,118.058,118.878,148047
2015.10.16,00:00,118.878,119.659,118.826,119.479,125100
2015.10.17,00:00,119.479,119.502,119.444,119.459,3476
2015.10.19,00:00,119.377,119.608,119.135,119.546,121586
2015.10.20,00:00,119.546,119.959,119.396,119.886,112784
2015.10.21,00:00,119.885,120.089,119.753,119.908,121532
2015.10.22,00:00,119.908,120.752,119.61,120.678,142263
2015.10.23,00:00,120.679,121.467,120.223,121.392,154156
2015.10.24,00:00,121.392,121.481,121.365,121.439,8968
2015.10.26,00:00,121.468,121.485,120.595,121.001,123962
2015.10.27,00:00,121,121.084,120.159,120.403,134126
2015.10.28,00:00,120.403,121.257,120.019,121.156,127679
2015.10.29,00:00,121.156,121.181,120.584,121.108,131808
2015.10.30,00:00,121.108,121.483,120.275,120.665,148452
2015.10.31,00:00,120.664,120.685,120.595,120.603,3144
2015.11.02,00:00,120.385,120.778,120.252,120.761,92402
2015.11.03,00:00,120.761,121.227,120.594,121.041,102640
2015.11.04,00:00,121.04,121.715,120.953,121.568,136105
2015.11.05,00:00,121.569,122,121.383,121.651,141237
2015.11.06,00:00,121.657,123.264,121.629,123.233,134757
2015.11.07,00:00,123.234,123.242,123.131,123.218,7222
2015.11.09,00:00,123.256,123.601,122.973,123.087,120336
2015.11.10,00:00,123.088,123.433,123.024,123.239,127311
2015.11.11,00:00,123.24,123.274,122.734,122.882,99725
2015.11.12,00:00,122.881,123.068,122.563,122.621,129439
2015.11.13,00:00,122.622,122.986,122.435,122.706,130082
2015.11.14,00:00,122.706,122.749,122.573,122.606,6788
2015.11.16,00:00,122.238,123.275,122.221,123.257,126934
2015.11.17,00:00,123.259,123.484,123.16,123.416,124813
2015.11.18,00:00,123.419,123.751,123.217,123.558,114008
2015.11.19,00:00,123.559,123.629,122.618,122.859,135373
2015.11.20,00:00,122.86,123.048,122.72,122.838,113383
2015.11.21,00:00,122.838,122.912,122.778,122.783,4545
2015.11.23,00:00,122.821,123.255,122.778,122.842,98264
2015.11.24,00:00,122.841,122.958,122.304,122.438,121548
2015.11.25,00:00,122.44,122.931,122.254,122.754,123094
2015.11.26,00:00,122.756,122.756,122.498,122.574,84648
2015.11.27,00:00,122.574,122.876,122.302,122.847,96256
2015.11.28,00:00,122.847,122.869,122.695,122.709,3047
2015.11.30,00:00,122.81,123.338,122.683,123.104,94301
2015.12.01,00:00,123.104,123.271,122.637,122.826,111894
2015.12.02,00:00,122.825,123.667,122.798,123.146,105809
2015.12.03,00:00,123.145,123.557,122.294,122.298,146462
2015.12.04,00:00,122.298,123.37,122.294,123.209,155038
2015.12.05,00:00,123.209,123.215,123.086,123.099,5464
2015.12.07,00:00,123.208,123.473,123.148,123.309,100525
2015.12.08,00:00,123.312,123.39,122.718,123.052,115519
2015.12.09,00:00,123.051,123.063,121.071,121.164,143455
2015.12.10,00:00,121.164,121.863,121.158,121.619,141017
2015.12.11,00:00,121.619,122.226,120.576,120.778,148368
2015.12.12,00:00,120.778,120.968,120.743,120.959,9688
2015.12.14,00:00,121.102,121.349,120.339,120.829,159470
2015.12.15,00:00,120.829,121.789,120.572,121.745,146875
2015.12.16,00:00,121.741,122.297,121.377,121.798,145104
2015.12.17,00:00,121.804,122.872,121.779,122.87,146514
2015.12.18,00:00,122.869,123.559,121.053,121.231,172213
2015.12.19,00:00,121.237,121.32,121.122,121.126,7637
2015.12.21,00:00,121.212,121.5,120.835,121.032,118719
2015.12.22,00:00,121.032,121.305,120.72,121.042,110089
2015.12.23,00:00,121.042,121.132,120.814,120.857,79666
2015.12.24,00:00,120.857,120.99,120.247,120.32,69108
2015.12.28,00:00,120.103,120.626,120.103,120.338,70723
2015.12.29,00:00,120.338,120.504,120.232,120.35,76189
2015.12.30,00:00,120.35,120.65,120.336,120.537,69037
2015.12.31,00:00,120.536,120.575,119.999,120.278,59837
2016.01.04,00:00,120.196,120.462,118.699,119.292,153778
2016.01.05,00:00,119.296,119.698,118.79,118.979,153530
2016.01.06,00:00,118.977,119.166,118.247,118.351,173764
2016.01.07,00:00,118.35,118.753,117.325,117.462,195471
2016.01.08,00:00,117.457,118.838,117.443,117.644,195189
2016.01.09,00:00,117.644,117.689,117.223,117.229,10819
2016.01.11,00:00,117.097,118.022,116.691,117.49,166446
2016.01.12,00:00,117.487,118.068,117.223,117.609,189236
2016.01.13,00:00,117.601,118.376,117.542,117.762,168031
2016.01.14,00:00,117.765,118.275,117.288,118.15,196945
2016.01.15,00:00,118.148,118.267,116.505,117.017,195980
2016.01.16,00:00,117.014,117.068,116.874,116.997,9692
2016.01.18,00:00,116.65,117.435,116.65,117.344,143508
2016.01.19,00:00,117.344,118.109,117.229,117.424,175379
2016.01.20,00:00,117.421,117.681,115.97,116.764,218451
2016.01.21,00:00,116.762,117.776,116.467,117.482,239194
2016.01.22,00:00,117.481,118.803,117.406,118.762,189210
2016.01.23,00:00,118.762,118.876,118.728,118.769,5920
2016.01.25,00:00,118.637,118.852,118.167,118.488,165343
2016.01.26,00:00,118.489,118.618,117.651,118.457,168266
2016.01.27,00:00,118.458,119.067,118.039,118.668,182371
2016.01.28,00:00,118.672,118.987,118.411,118.766,189808
2016.01.29,00:00,118.766,121.686,118.395,121.103,225095
2016.01.30,00:00,121.102,121.121,120.999,121.119,6987
2016.02.01,00:00,121.314,121.482,120.675,121.128,152196
2016.02.02,00:00,121.124,121.147,120.02,120.094,167434
2016.02.03,00:00,120.095,120.117,117.049,117.666,227558
2016.02.04,00:00,117.665,118.234,116.524,116.722,236371
2016.02.05,00:00,116.726,117.428,116.29,116.889,199269
2016.02.06,00:00,116.891,116.987,116.814,116.819,9493
2016.02.08,00:00,116.783,117.52,115.17,115.364,195714
2016.02.09,00:00,115.364,115.853,114.204,114.996,257305
2016.02.10,00:00,114.994,115.255,113.614,113.646,259623
2016.02.11,00:00,113.644,113.782,110.979,112.372,270384
2016.02.12,00:00,112.371,113.536,111.657,113.241,248223
2016.02.13,00:00,113.239,113.366,113.183,113.209,9789
2016.02.15,00:00,113.357,114.717,113.267,114.693,165554
2016.02.16,00:00,114.693,114.871,113.591,113.866,192171
2016.02.17,00:00,113.866,114.5,113.37,113.757,187329
2016.02.18,00:00,113.754,114.317,113.436,113.556,177918
2016.02.19,00:00,113.559,113.59,112.301,112.563,182185
2016.02.20,00:00,112.561,112.686,112.531,112.531,6459
2016.02.22,00:00,112.572,113.383,112.422,112.833,135996
2016.02.23,00:00,112.836,113.05,111.768,112.044,174749
2016.02.24,00:00,112.044,112.262,111.039,111.644,181845
2016.02.25,00:00,111.645,113.02,111.642,112.786,193295
2016.02.26,00:00,112.787,113.985,112.558,113.878,174342
2016.02.27,00:00,113.878,113.988,113.827,113.984,7483
2016.02.29,00:00,113.947,113.979,112.66,112.813,173288
2016.03.01,00:00,112.813,114.18,112.153,114.05,168651
2016.03.02,00:00,114.054,114.55,113.212,113.43,175173
2016.03.03,00:00,113.428,114.264,113.291,113.578,164238
2016.03.04,00:00,113.581,114.254,113.116,114.057,165575
2016.03.05,00:00,114.057,114.086,113.756,113.769,9302
2016.03.07,00:00,113.922,113.925,113.221,113.254,132448
2016.03.08,00:00,113.253,113.517,112.419,112.605,156962
2016.03.09,00:00,112.605,113.404,112.223,113.388,144595
2016.03.10,00:00,113.386,114.443,112.603,113.066,172159
2016.03.11,00:00,113.068,113.913,112.749,113.705,141821
2016.03.12,00:00,113.706,113.851,113.679,113.795,5342
2016.03.14,00:00,113.912,114.002,113.503,113.809,111264
2016.03.15,00:00,113.809,114.143,112.627,113.106,141144
2016.03.16,00:00,113.106,113.814,112.328,112.562,139217
2016.03.17,00:00,112.561,112.952,110.664,111.406,173043
2016.03.18,00:00,111.406,111.753,110.817,111.66,116829
2016.03.19,00:00,111.664,111.669,111.513,111.52,2070
2016.03.21,00:00,111.524,111.928,111.215,111.879,106294
2016.03.22,00:00,111.88,112.485,111.377,112.317,141606
2016.03.23,00:00,112.317,112.901,112.137,112.448,109977
2016.03.24,00:00,112.448,113.002,112.29,112.822,107104
2016.03.25,00:00,112.826,113.319,112.747,113.116,53555
2016.03.26,00:00,113.116,113.149,113.014,113.048,550
2016.03.28,00:00,113.156,113.684,113.113,113.265,65890
2016.03.29,00:00,113.265,113.799,112.738,112.748,135165
2016.03.30,00:00,112.745,112.802,112.012,112.464,142116
2016.03.31,00:00,112.463,112.657,112.105,112.539,133911
2016.04.01,00:00,112.542,112.599,111.586,111.643,149070
2016.04.02,00:00,111.643,111.659,111.583,111.61,2458
2016.04.04,00:00,111.585,111.792,111.093,111.313,124852
2016.04.05,00:00,111.313,111.352,109.948,110.309,165268
2016.04.06,00:00,110.312,110.639,109.335,109.75,149008
2016.04.07,00:00,109.749,109.901,107.665,108.389,185222
2016.04.08,00:00,108.393,109.094,108.074,108.167,157745
2016.04.09,00:00,108.165,108.199,107.99,108.022,3075
2016.04.11,00:00,107.965,108.437,107.625,107.902,153053
2016.04.12,00:00,107.902,108.782,107.866,108.458,141199
2016.04.13,00:00,108.458,109.401,108.454,109.263,134096
2016.04.14,00:00,109.265,109.542,108.891,109.417,126524
2016.04.15,00:00,109.418,109.729,108.596,108.709,110158
2016.04.16,00:00,108.709,108.782,108.637,108.728,2518
2016.04.18,00:00,108.199,108.985,107.832,108.786,130688
2016.04.19,00:00,108.786,109.482,108.746,109.16,127349
2016.04.20,00:00,109.16,109.875,108.758,109.77,128238
2016.04.21,00:00,109.77,109.894,109.319,109.454,137419
2016.04.22,00:00,109.455,111.802,109.256,111.616,151496
2016.04.23,00:00,111.617,111.799,111.605,111.748,2092
2016.04.25,00:00,111.853,111.86,110.837,111.181,128940
2016.04.26,00:00,111.183,111.472,110.666,111.434,128726
2016.04.27,00:00,111.434,111.751,111.024,111.567,125189
2016.04.28,00:00,111.564,111.88,107.86,108.012,170377
2016.04.29,00:00,108.005,108.196,106.274,106.384,148814
2016.04.30,00:00,106.386,106.523,106.284,106.334,5661
2016.05.02,00:00,106.223,106.815,106.136,106.458,142886
2016.05.03,00:00,106.458,106.476,105.545,106.447,139033
2016.05.04,00:00,106.447,107.453,106.243,106.899,147917
2016.05.05,00:00,106.896,107.495,106.799,107.236,113105
2016.05.06,00:00,107.234,107.416,106.43,107.141,141885
2016.05.07,00:00,107.142,107.147,107.074,107.074,2774
2016.05.09,00:00,107.07,108.601,107.068,108.378,121712
2016.05.10,00:00,108.379,109.346,108.27,109.286,129405
2016.05.11,00:00,109.288,109.369,108.364,108.462,119813
2016.05.12,00:00,108.468,109.391,108.222,109.08,140608
2016.05.13,00:00,109.083,109.55,108.509,108.638,141396
2016.05.14,00:00,108.638,108.693,108.569,108.607,2352
2016.05.16,00:00,108.605,109.092,108.46,108.955,99686
2016.05.17,00:00,108.956,109.649,108.837,109.082,128485
2016.05.18,00:00,109.083,110.244,108.718,110.234,148871
2016.05.19,00:00,110.236,110.38,109.694,109.958,136284
2016.05.20,00:00,109.958,110.584,109.846,110.158,108632
2016.05.21,00:00,110.157,110.225,110.091,110.102,2228
2016.05.23,00:00,110.103,110.238,109.106,109.241,116992
2016.05.24,00:00,109.244,110.127,109.166,109.998,113881
2016.05.25,00:00,109.996,110.443,109.86,110.143,114537
2016.05.26,00:00,110.143,110.226,109.414,109.728,124766
2016.05.27,00:00,109.727,110.443,109.469,110.411,111188
2016.05.28,00:00,110.412,110.432,110.223,110.242,2989
2016.05.30,00:00,110.419,111.445,110.31,111.132,92025
2016.05.31,00:00,111.134,111.345,110.497,110.711,133118
2016.06.01,00:00,110.711,110.827,109.047,109.5,156407
2016.06.02,00:00,109.503,109.593,108.52,108.798,154499
2016.06.03,00:00,108.802,109.132,106.544,106.627,175406
2016.06.04,00:00,106.632,106.666,106.505,106.532,4267
2016.06.06,00:00,106.543,107.582,106.363,107.567,160153
2016.06.07,00:00,107.566,107.898,107.15,107.328,144442
2016.06.08,00:00,107.329,107.388,106.587,107.027,140676
2016.06.09,00:00,107.03,107.172,106.249,107.073,147476
2016.06.10,00:00,107.071,107.258,106.55,106.769,147687
2016.06.11,00:00,106.77,107.002,106.739,106.912,3905
2016.06.13,00:00,106.793,106.852,105.733,106.194,181525
2016.06.14,00:00,106.193,106.417,105.623,106.138,187846
2016.06.15,00:00,106.14,106.392,105.436,106.005,165641
2016.06.16,00:00,105.999,106.023,103.547,104.355,219948
2016.06.17,00:00,104.358,104.824,104.079,104.209,174430
2016.06.18,00:00,104.209,104.269,104.042,104.042,3335
2016.06.20,00:00,104.099,104.839,103.806,103.88,154260
2016.06.21,00:00,103.885,105.053,103.575,104.84,155239
2016.06.22,00:00,104.838,104.88,104.311,104.497,141513
2016.06.23,00:00,104.497,106.034,104.021,105.922,160463
2016.06.24,00:00,105.924,106.805,98.935,102.259,239575
2016.06.25,00:00,102.254,102.437,101.985,102.195,4113
2016.06.27,00:00,101.495,102.467,101.395,102.067,217395
2016.06.28,00:00,102.065,102.836,101.553,102.666,173668
2016.06.29,00:00,102.667,102.861,102.167,102.833,154675
2016.06.30,00:00,102.831,103.289,102.351,103.279,174005
2016.07.01,00:00,103.281,103.391,102.438,102.554,145658
2016.07.02,00:00,102.554,102.605,102.512,102.529,1704
2016.07.04,00:00,102.617,102.801,102.415,102.509,103917
2016.07.05,00:00,102.508,102.585,101.446,101.67,143301
2016.07.06,00:00,101.668,101.761,100.194,101.311,183837
2016.07.07,00:00,101.313,101.395,100.593,100.757,149442
2016.07.08,00:00,100.757,101.273,99.988,100.462,141697
2016.07.09,00:00,100.462,100.584,100.401,100.401,2660
2016.07.11,00:00,100.602,102.876,100.511,102.872,135161
2016.07.12,00:00,102.874,104.98,102.445,104.867,191843
2016.07.13,00:00,104.866,104.878,103.906,104.424,189962
2016.07.14,00:00,104.424,105.932,103.973,105.351,202021
2016.07.15,00:00,105.351,106.311,105.043,105.442,187422
2016.07.16,00:00,105.442,105.516,104.624,104.808,8595
2016.07.18,00:00,105.336,106.26,105.268,106.161,132672
2016.07.19,00:00,106.16,106.528,105.642,106.132,147215
2016.07.20,00:00,106.132,107.016,105.825,106.98,134122
2016.07.21,00:00,106.98,107.488,105.419,105.736,186567
2016.07.22,00:00,105.736,106.396,105.562,106.127,150500
2016.07.23,00:00,106.128,106.221,106.015,106.025,4159
2016.07.25,00:00,106.106,106.719,105.736,105.773,125304
2016.07.26,00:00,105.773,105.886,103.988,104.638,153033
2016.07.27,00:00,104.637,106.535,104.555,105.218,167940
2016.07.28,00:00,105.218,105.499,104.479,105.35,144829
2016.07.29,00:00,105.35,105.645,101.968,102.035,213173
2016.07.30,00:00,102.034,102.189,102.022,102.04,3182
2016.08.01,00:00,102.212,102.679,102.004,102.368,128764
2016.08.02,00:00,102.368,102.828,100.675,100.853,144090
2016.08.03,00:00,100.851,101.567,100.744,101.184,130608
2016.08.04,00:00,101.185,101.662,100.856,101.173,127823
2016.08.05,00:00,101.173,102.058,100.867,101.752,121744
2016.08.06,00:00,101.753,101.822,101.729,101.8,2662
2016.08.08,00:00,101.928,102.651,101.852,102.433,101943
2016.08.09,00:00,102.432,102.525,101.785,101.911,102693
2016.08.10,00:00,101.911,101.953,100.961,101.272,122298
2016.08.11,00:00,101.273,102.05,101.007,101.858,100540
2016.08.12,00:00,101.858,102.267,100.829,101.233,121724
2016.08.13,00:00,101.233,101.315,101.189,101.283,2284
2016.08.15,00:00,101.113,101.45,100.865,101.231,100419
2016.08.16,00:00,101.231,101.287,99.536,100.265,143529
2016.08.17,00:00,100.265,101.159,100.031,100.227,134826
2016.08.18,00:00,100.229,100.497,99.64,99.915,137061
2016.08.19,00:00,99.916,100.454,99.853,100.128,117421
2016.08.20,00:00,100.128,100.231,100.116,100.217,2043
2016.08.22,00:00,100.681,100.928,100.208,100.277,119797
2016.08.23,00:00,100.278,100.385,99.937,100.219,116638
2016.08.24,00:00,100.22,100.605,100.092,100.452,110054
2016.08.25,00:00,100.45,100.612,100.297,100.567,96504
2016.08.26,00:00,100.567,101.939,100.059,101.81,132860
2016.08.27,00:00,101.81,101.882,101.704,101.739,3486
2016.08.29,00:00,102.07,102.387,101.827,101.899,109896
2016.08.30,00:00,101.899,103.131,101.744,103.018,117309
2016.08.31,00:00,103.019,103.528,102.854,103.45,121940
2016.09.01,00:00,103.45,103.994,103.057,103.213,129490
2016.09.02,00:00,103.213,104.316,102.794,104.013,144802
2016.09.03,00:00,104.012,104.035,103.746,103.746,3700
2016.09.05,00:00,104.065,104.132,103.141,103.433,101383
2016.09.06,00:00,103.432,103.804,101.928,102.016,141888
2016.09.07,00:00,102.017,102.124,101.193,101.756,138834
2016.09.08,00:00,101.756,102.592,101.409,102.511,141077
2016.09.09,00:00,102.514,103.051,101.961,102.68,145095
2016.09.10,00:00,102.68,102.707,102.562,102.562,2903
2016.09.12,00:00,102.55,102.663,101.558,101.828,144819
2016.09.13,00:00,101.827,102.744,101.417,102.654,148724
2016.09.14,00:00,102.654,103.353,102.245,102.43,141043
2016.09.15,00:00,102.431,102.752,101.922,102.145,142414
2016.09.16,00:00,102.144,102.457,101.735,102.308,125079
2016.09.17,00:00,102.31,102.38,102.232,102.232,2260
2016.09.19,00:00,102.112,102.411,101.574,101.833,104062
2016.09.20,00:00,101.832,102.06,101.531,101.739,111033
2016.09.21,00:00,101.74,102.78,100.345,100.479,185217
2016.09.22,00:00,100.479,100.928,100.094,100.789,123670
2016.09.23,00:00,100.787,101.238,100.67,101.048,133687
2016.09.24,00:00,101.047,101.067,100.865,100.865,1633
2016.09.26,00:00,100.924,101.07,100.244,100.263,103802
2016.09.27,00:00,100.264,100.983,100.081,100.344,146005
2016.09.28,00:00,100.343,100.813,100.256,100.65,125998
2016.09.29,00:00,100.649,101.835,100.644,101.042,155190
2016.09.30,00:00,101.042,101.777,100.741,101.403,161363
2016.10.01,00:00,101.403,101.423,101.262,101.322,2319
2016.10.03,00:00,101.208,101.668,101.125,101.585,108462
2016.10.04,00:00,101.586,102.962,101.566,102.849,154788
2016.10.05,00:00,102.848,103.665,102.664,103.563,136025
2016.10.06,00:00,103.563,104.157,103.344,104.056,127422
2016.10.07,00:00,104.056,104.079,102.853,102.957,159070
2016.10.08,00:00,102.957,102.979,102.876,102.876,2567
2016.10.10,00:00,103.23,103.784,102.805,103.649,105987
2016.10.11,00:00,103.648,104.067,103.168,103.459,143247
2016.10.12,00:00,103.459,104.477,103.273,104.255,135957
2016.10.13,00:00,104.252,104.63,103.329,103.607,127195
2016.10.14,00:00,103.609,104.475,103.582,104.227,142748
2016.10.15,00:00,104.228,104.232,104.046,104.046,2073
2016.10.17,00:00,104.315,104.366,103.784,103.867,113668
2016.10.18,00:00,103.87,104.196,103.677,103.844,107014
2016.10.19,00:00,103.845,103.944,103.161,103.417,105249
2016.10.20,00:00,103.419,104.1,103.339,103.941,112839
2016.10.21,00:00,103.942,104.202,103.517,103.822,106157
2016.10.22,00:00,103.822,103.834,103.689,103.689,1665
2016.10.24,00:00,103.816,104.317,103.717,104.227,97804
2016.10.25,00:00,104.227,104.87,104.108,104.202,119284
2016.10.26,00:00,104.202,104.614,104.016,104.529,105940
2016.10.27,00:00,104.526,105.345,104.293,105.281,125714
2016.10.28,00:00,105.281,105.528,104.461,104.736,144027
2016.10.29,00:00,104.738,104.848,104.648,104.725,11887
2016.10.31,00:00,104.563,105.229,104.52,104.869,108465
2016.11.01,00:00,104.868,105.114,103.794,104.052,147429
2016.11.02,00:00,104.051,104.162,103.015,103.391,164084
2016.11.03,00:00,103.387,103.451,102.544,102.913,158643
2016.11.04,00:00,102.911,103.35,102.825,102.985,153692
2016.11.05,00:00,102.99,103.096,102.969,103.093,4270
2016.11.07,00:00,103.963,104.627,103.759,104.584,133864
2016.11.08,00:00,104.585,105.187,104.292,105.043,134194
2016.11.09,00:00,105.043,105.863,101.186,105.831,339963
2016.11.10,00:00,105.831,106.942,104.954,106.824,251547
2016.11.11,00:00,106.826,106.936,106.026,106.767,201253
2016.11.12,00:00,106.766,106.796,106.61,106.62,9609
2016.11.14,00:00,106.842,108.539,106.728,108.509,190377
2016.11.15,00:00,108.518,109.333,107.765,109.308,192382
2016.11.16,00:00,109.311,109.752,108.788,109.149,185700
2016.11.17,00:00,109.148,109.973,108.548,109.894,197524
2016.11.18,00:00,109.894,110.92,109.796,110.618,199052
2016.11.19,00:00,110.618,110.948,110.597,110.867,10560
2016.11.21,00:00,112.004,112.004,110.466,111.129,176536
2016.11.22,00:00,111.123,111.35,110.264,111.141,199044
2016.11.23,00:00,111.142,112.969,110.848,112.578,162443
2016.11.24,00:00,112.579,113.529,112.366,113.386,156332
2016.11.25,00:00,113.385,113.895,112.548,113.039,187827
2016.11.26,00:00,113.039,113.213,112.932,113.213,3430
2016.11.28,00:00,112.796,112.968,111.353,112.283,183301
2016.11.29,00:00,112.285,113.336,111.614,112.301,182911
2016.11.30,00:00,112.3,114.534,112.051,114.275,205212
2016.12.01,00:00,114.281,114.821,113.826,114.018,189327
2016.12.02,00:00,114.02,114.2,113.324,113.691,161027
2016.12.03,00:00,113.691,113.725,113.439,113.439,9503
2016.12.05,00:00,113.195,114.769,112.859,113.748,170770
2016.12.06,00:00,113.748,114.182,113.497,114.079,130468
2016.12.07,00:00,114.082,114.398,113.409,113.859,120096
2016.12.08,00:00,113.853,114.37,113.12,114.049,159597
2016.12.09,00:00,114.05,115.363,113.931,115.208,138058
2016.12.10,00:00,115.213,115.348,115.185,115.219,6681
2016.12.12,00:00,115.375,116.118,114.847,115.104,150248
2016.12.13,00:00,115.104,115.473,114.731,115.237,143002
2016.12.14,00:00,115.234,116.447,114.766,116.35,141941
2016.12.15,00:00,116.35,118.659,116.272,117.896,229025
2016.12.16,00:00,117.897,118.423,117.467,118,175456
2016.12.17,00:00,118.003,118.017,117.776,117.776,8575
2016.12.19,00:00,117.936,117.956,116.543,117.22,146635
2016.12.20,00:00,117.223,118.238,116.971,117.796,160483
2016.12.21,00:00,117.794,118.065,117.103,117.546,136874
2016.12.22,00:00,117.547,117.872,117.263,117.559,118579
2016.12.23,00:00,117.562,117.616,117.166,117.266,92313
2016.12.24,00:00,117.264,117.382,117.198,117.198,4839
2016.12.26,00:00,117.034,117.216,116.862,117.046,16864
2016.12.27,00:00,117.046,117.613,116.952,117.428,91154
2016.12.28,00:00,117.43,117.809,117.051,117.175,102807
2016.12.29,00:00,117.178,117.247,116.227,116.638,153825
2016.12.30,00:00,116.638,117.192,116.037,116.75,184194
2016.12.31,00:00,116.751,117.002,116.732,116.955,6910
2017.01.02,00:00,116.78,117.644,116.634,117.584,37662
2017.01.03,00:00,117.586,118.602,117.21,117.666,169265
2017.01.04,00:00,117.669,118.182,117.047,117.593,171277
2017.01.05,00:00,117.598,117.61,115.213,115.579,224436
2017.01.06,00:00,115.58,117.175,115.065,117.011,191784
2017.01.07,00:00,117.011,117.058,116.917,116.942,8228
2017.01.09,00:00,116.993,117.528,115.949,116.052,149525
2017.01.10,00:00,116.057,116.34,115.192,115.751,189421
2017.01.11,00:00,115.753,116.87,114.239,115.412,212558
2017.01.12,00:00,115.412,115.622,113.75,114.663,232766
2017.01.13,00:00,114.661,115.44,114.154,114.465,186716
2017.01.14,00:00,114.465,114.664,114.338,114.338,8014
2017.01.16,00:00,114.221,114.462,113.617,114.115,123564
2017.01.17,00:00,114.117,114.279,112.625,112.657,217143
2017.01.18,00:00,112.657,113.705,112.566,113.578,173688
2017.01.19,00:00,113.579,115.616,113.579,114.788,217689
2017.01.20,00:00,114.787,115.382,114.206,114.3,209111
2017.01.21,00:00,114.3,114.622,114.29,114.464,13036
2017.01.23,00:00,114.313,114.414,112.749,112.997,201252
2017.01.24,00:00,112.997,113.886,112.519,113.846,197463
2017.01.25,00:00,113.848,113.985,113.033,113.587,184293
2017.01.26,00:00,113.589,114.853,113.044,114.34,187528
2017.01.27,00:00,114.342,115.372,114.342,115.042,174750
2017.01.28,00:00,115.043,115.161,114.99,115.028,6109
2017.01.30,00:00,114.761,114.946,113.442,113.671,168862
2017.01.31,00:00,113.67,113.961,112.076,112.703,209274
2017.02.01,00:00,112.704,113.948,112.636,113.015,190139
2017.02.02,00:00,113.021,113.36,112.048,112.674,191244
2017.02.03,00:00,112.671,113.47,112.311,112.947,169449
2017.02.04,00:00,112.947,112.965,112.443,112.443,8076
2017.02.06,00:00,112.384,112.772,111.618,111.787,159013
2017.02.07,00:00,111.788,112.573,111.588,112.149,162093
2017.02.08,00:00,112.147,112.54,111.627,112.078,163580
2017.02.09,00:00,112.078,113.327,111.731,113.303,149504
2017.02.10,00:00,113.304,113.854,112.853,113.386,156609
2017.02.11,00:00,113.387,113.453,113.065,113.065,7459
2017.02.13,00:00,113.513,114.164,113.435,113.622,131856
2017.02.14,00:00,113.624,114.495,113.245,114.172,159101
2017.02.15,00:00,114.172,114.953,113.859,114.269,148434
2017.02.16,00:00,114.265,114.305,113.081,113.109,152467
2017.02.17,00:00,113.114,113.497,112.614,112.929,143570
2017.02.18,00:00,112.926,112.939,112.697,112.697,6951
2017.02.20,00:00,112.886,113.234,112.786,113.111,94559
2017.02.21,00:00,113.111,113.773,113.011,113.572,136071
2017.02.22,00:00,113.573,113.726,112.904,113.107,150176
2017.02.23,00:00,113.105,113.451,112.547,112.738,140623
2017.02.24,00:00,112.738,112.952,111.963,111.97,134233
2017.02.25,00:00,111.97,112.175,111.931,112.006,7299
2017.02.27,00:00,112.12,112.837,111.913,112.79,130626
2017.02.28,00:00,112.79,112.816,111.685,112.187,140282
2017.03.01,00:00,112.188,114.044,112.161,113.684,185892
2017.03.02,00:00,113.685,114.588,113.584,114.47,139358
2017.03.03,00:00,114.503,114.745,113.976,114.119,151058
2017.03.04,00:00,114.119,114.119,113.807,113.886,9458
2017.03.06,00:00,113.879,114.132,113.555,113.91,115991
2017.03.07,00:00,113.908,114.152,113.726,114.033,115123
2017.03.08,00:00,114.034,114.755,113.604,114.412,139997
2017.03.09,00:00,114.419,114.963,114.261,114.856,163960
2017.03.10,00:00,114.856,115.5,114.756,114.813,170059
2017.03.11,00:00,114.813,114.832,114.65,114.717,8609
2017.03.13,00:00,114.764,114.915,114.478,114.826,133310
2017.03.14,00:00,114.821,115.191,114.515,114.71,130272
2017.03.15,00:00,114.71,114.881,113.169,113.23,141836
2017.03.16,00:00,113.228,113.544,112.9,113.232,161182
2017.03.17,00:00,113.229,113.488,112.56,112.676,125330
2017.03.18,00:00,112.674,112.761,112.651,112.702,2834
2017.03.20,00:00,112.639,112.894,112.453,112.524,99050
2017.03.21,00:00,112.526,112.865,111.54,111.707,161841
2017.03.22,00:00,111.707,111.799,110.728,111.125,185059
2017.03.23,00:00,111.124,111.576,110.625,110.985,177683
2017.03.24,00:00,110.984,111.478,110.623,111.192,163234
2017.03.25,00:00,111.193,111.326,111.12,111.217,4877
2017.03.27,00:00,110.919,111.043,110.106,110.564,150576
2017.03.28,00:00,110.562,111.198,110.174,111.084,143465
2017.03.29,00:00,111.087,111.313,110.712,111.045,143569
2017.03.30,00:00,111.041,111.651,110.925,111.593,143269
2017.03.31,00:00,111.593,112.193,111.239,111.318,151084
2017.04.01,00:00,111.32,111.402,111.264,111.264,4349
2017.04.03,00:00,111.355,111.584,110.852,110.856,127722
2017.04.04,00:00,110.854,110.928,110.265,110.727,149252
2017.04.05,00:00,110.731,111.451,110.534,110.663,148374
2017.04.06,00:00,110.662,111.138,110.286,110.804,151748
2017.04.07,00:00,110.799,111.362,110.126,111.204,181389
2017.04.08,00:00,111.205,111.217,110.971,110.971,3492
2017.04.10,00:00,111.016,111.576,110.802,110.947,116327
2017.04.11,00:00,110.949,111.117,109.617,109.707,143343
2017.04.12,00:00,109.707,109.863,109.106,109.16,150883
2017.04.13,00:00,109.157,109.389,108.72,109.054,151668
2017.04.14,00:00,109.05,109.219,108.544,108.607,83924
2017.04.15,00:00,108.605,108.651,108.542,108.542,2072
2017.04.17,00:00,108.738,109.05,108.129,108.931,103203
2017.04.18,00:00,108.931,109.217,108.317,108.444,144601
2017.04.19,00:00,108.442,109.178,108.377,108.849,133234
2017.04.20,00:00,108.849,109.484,108.716,109.318,127364
2017.04.21,00:00,109.319,109.419,108.878,109.089,117500
2017.04.22,00:00,109.09,109.203,108.979,108.979,4117
2017.04.24,00:00,110.489,110.501,109.694,109.71,144941
2017.04.25,00:00,109.713,111.185,109.59,111.097,129891
2017.04.26,00:00,111.1,111.774,110.967,111.042,155737
2017.04.27,00:00,111.044,111.596,110.869,111.188,138621
2017.04.28,00:00,111.193,111.713,111.068,111.445,125960
2017.04.29,00:00,111.443,111.528,111.385,111.528,3012
2017.05.01,00:00,111.207,111.923,111.202,111.787,89598
2017.05.02,00:00,111.785,112.301,111.778,112.026,113046
2017.05.03,00:00,112.022,112.705,111.957,112.656,104073
2017.05.04,00:00,112.658,113.044,112.316,112.352,120867
2017.05.05,00:00,112.352,112.764,112.085,112.476,120063
2017.05.06,00:00,112.476,112.796,112.471,112.598,4144
2017.05.08,00:00,112.938,113.229,112.393,113.185,118222
2017.05.09,00:00,113.188,114.325,113.129,113.924,114522
2017.05.10,00:00,113.92,114.365,113.623,114.26,125191
2017.05.11,00:00,114.262,114.365,113.453,113.841,115388
2017.05.12,00:00,113.84,113.949,113.196,113.291,110528
2017.05.13,00:00,113.289,113.356,113.234,113.323,3190
2017.05.15,00:00,113.161,113.852,113.161,113.761,99365
2017.05.16,00:00,113.762,113.789,112.928,113.068,110978
2017.05.17,00:00,113.067,113.124,110.888,110.97,166817
2017.05.18,00:00,110.971,111.74,110.231,111.353,213385
2017.05.19,00:00,111.352,111.697,111.041,111.169,146743
2017.05.20,00:00,111.169,111.278,111.156,111.228,3315
2017.05.22,00:00,111.022,111.603,110.875,111.223,114563
2017.05.23,00:00,111.223,111.855,110.855,111.811,141109
2017.05.24,00:00,111.812,112.125,111.542,111.6,134310
2017.05.25,00:00,111.602,111.948,111.475,111.79,111926
2017.05.26,00:00,111.793,111.876,110.875,111.253,115109
2017.05.27,00:00,111.256,111.336,111.25,111.253,3741
2017.05.29,00:00,111.21,111.465,111.165,111.294,72572
2017.05.30,00:00,111.296,111.351,110.661,110.757,115369
2017.05.31,00:00,110.755,111.223,110.477,110.743,120400
2017.06.01,00:00,110.743,111.478,110.673,111.34,115169
2017.06.02,00:00,111.34,111.706,110.326,110.417,121197
2017.06.03,00:00,110.418,110.459,110.351,110.351,2890
2017.06.05,00:00,110.343,110.728,110.226,110.482,69986
2017.06.06,00:00,110.483,110.523,109.223,109.424,108315
2017.06.07,00:00,109.421,109.879,109.111,109.791,99401
2017.06.08,00:00,109.79,110.381,109.378,109.987,107913
2017.06.09,00:00,109.989,110.808,109.72,110.222,115220
2017.06.10,00:00,110.222,110.33,110.22,110.304,3024
2017.06.12,00:00,110.284,110.436,109.629,109.861,86455
2017.06.13,00:00,109.861,110.267,109.819,109.989,78991
2017.06.14,00:00,109.99,110.339,108.805,109.649,118359
2017.06.15,00:00,109.652,110.976,109.265,110.917,117187
2017.06.16,00:00,110.919,111.414,110.642,110.834,101764
2017.06.17,00:00,110.835,110.902,110.824,110.824,2585
2017.06.19,00:00,110.842,111.597,110.719,111.575,79413
2017.06.20,00:00,111.579,111.783,111.305,111.456,92157
2017.06.21,00:00,111.457,111.736,111.065,111.341,93878
2017.06.22,00:00,111.341,111.444,110.946,111.236,91012
2017.06.23,00:00,111.237,111.427,111.15,111.252,77044
2017.06.24,00:00,111.253,111.31,111.226,111.226,1804
2017.06.26,00:00,111.118,111.941,111.118,111.86,77730
2017.06.27,00:00,111.861,112.462,111.459,112.169,106963
2017.06.28,00:00,112.169,112.411,111.826,112.242,119977
2017.06.29,00:00,112.243,112.922,111.807,112.059,128938
2017.06.30,00:00,112.057,112.599,111.725,112.459,113778
2017.07.01,00:00,112.456,112.497,112.331,112.361,3466
2017.07.03,00:00,112.112,113.453,112.112,113.443,90685
2017.07.04,00:00,113.442,113.467,112.735,113.259,108474
2017.07.05,00:00,113.26,113.682,112.82,113.222,104365
2017.07.06,00:00,113.221,113.466,112.882,113.2,109308
2017.07.07,00:00,113.198,114.175,113.1,113.882,110864
2017.07.08,00:00,113.882,113.917,113.843,113.859,1411
2017.07.10,00:00,113.909,114.298,113.837,114.067,82428
2017.07.11,00:00,114.072,114.49,113.713,113.819,100410
2017.07.12,00:00,113.82,113.971,112.923,113.188,118141
2017.07.13,00:00,113.186,113.521,112.857,113.212,110151
2017.07.14,00:00,113.21,113.575,112.256,112.531,98709
2017.07.15,00:00,112.531,112.549,112.477,112.528,1995
2017.07.17,00:00,112.461,112.863,112.324,112.577,86488
2017.07.18,00:00,112.577,112.686,111.682,112.013,123903
2017.07.19,00:00,112.013,112.23,111.55,111.821,98885
2017.07.20,00:00,111.822,112.413,111.475,111.91,133608
2017.07.21,00:00,111.912,112.074,111.008,111.069,109186
2017.07.22,00:00,111.069,111.137,111.064,111.122,3056
2017.07.24,00:00,111.097,111.316,110.618,111.106,103125
2017.07.25,00:00,111.109,111.938,110.825,111.889,114855
2017.07.26,00:00,111.889,112.196,111.056,111.224,119635
2017.07.27,00:00,111.223,111.706,110.776,111.196,164362
2017.07.28,00:00,111.195,111.33,110.544,110.575,151408
2017.07.29,00:00,110.576,110.715,110.567,110.64,3801
2017.07.31,00:00,110.614,110.769,110.21,110.231,120781
2017.08.01,00:00,110.232,110.586,109.915,110.309,146578
2017.08.02,00:00,110.311,110.98,110.278,110.677,138715
2017.08.03,00:00,110.679,110.824,109.851,109.934,136014
2017.08.04,00:00,109.933,111.046,109.84,110.67,122418
2017.08.05,00:00,110.67,110.732,110.632,110.675,2695
2017.08.07,00:00,110.708,110.916,110.642,110.73,98585
2017.08.08,00:00,110.729,110.823,110.244,110.343,91457
2017.08.09,00:00,110.343,110.409,109.555,109.996,123667
2017.08.10,00:00,109.995,110.176,109.148,109.161,123014
2017.08.11,00:00,109.158,109.398,108.724,109.08,136057
2017.08.12,00:00,109.079,109.188,109.067,109.163,4059
2017.08.14,00:00,109.142,109.796,109.032,109.655,118373
2017.08.15,00:00,109.656,110.843,109.602,110.538,130430
2017.08.16,00:00,110.538,110.945,110.026,110.208,119954
2017.08.17,00:00,110.207,110.365,109.453,109.483,155587
2017.08.18,00:00,109.482,109.594,108.6,109.156,166460
2017.08.19,00:00,109.156,109.225,109.128,109.144,2834
2017.08.21,00:00,109.331,109.417,108.632,108.902,117382
2017.08.22,00:00,108.901,109.652,108.855,109.56,93066
2017.08.23,00:00,109.557,109.821,108.956,108.963,99161
2017.08.24,00:00,108.961,109.573,108.844,109.567,110857
2017.08.25,00:00,109.568,109.84,109.109,109.274,116293
2017.08.26,00:00,109.275,109.352,109.268,109.348,2589
2017.08.28,00:00,109.199,109.409,109.02,109.254,85316
2017.08.29,00:00,109.253,109.896,108.264,109.758,154643
2017.08.30,00:00,109.757,110.434,109.537,110.319,106314
2017.08.31,00:00,110.222,110.66,109.869,109.954,169076
2017.09.01,00:00,109.942,110.474,109.553,110.24,135958
2017.09.04,00:00,109.498,109.922,109.374,109.675,125901
2017.09.05,00:00,109.684,109.823,108.619,108.795,173880
2017.09.06,00:00,108.789,109.386,108.44,109.164,164872
2017.09.07,00:00,109.17,109.252,108.089,108.437,171705
2017.09.08,00:00,108.422,108.475,107.306,107.815,199228
2017.09.11,00:00,108.155,109.495,108.122,109.366,150801
2017.09.12,00:00,109.378,110.243,109.226,110.166,145132
2017.09.13,00:00,110.102,110.68,109.891,110.476,134469
2017.09.14,00:00,110.467,110.997,110.053,110.227,139067
2017.09.15,00:00,110.229,111.323,109.537,110.85,169012
2017.09.18,00:00,111.054,111.651,110.984,111.554,138429
2017.09.19,00:00,111.556,111.87,111.191,111.584,173523
2017.09.20,00:00,111.558,112.517,111.097,112.182,147601
2017.09.21,00:00,112.192,112.636,112.18,112.573,17574
2017.09.22,00:00,112.192,112.636,112.18,111.573,17574
